"class_year","rank","first_name","last_name","position","height","weight","high_school","state","stars","commitment"
2019,1,"Anthony","Edwards","SG","6-5",215,"Holy Spirit Preparatory School","GA",5,"Georgia"
2019,2,"James","Wiseman","C","7-0",210,"East","TN",5,"Memphis"
2019,3,"Cole","Anthony","CG","6-3",185,"Oak Hill Academy","VA",5,"North Carolina"
2019,4,"Isaiah","Stewart","C","6-9",245,"La Lumiere School","IN",5,"Washington"
2019,5,"RJ","Hampton","CG","6-5",185,"Little Elm","TX",5,"Professional"
2019,6,"Vernon","Carey","C","6-10",275,"University School","FL",5,"Duke"
2019,7,"Scottie","Lewis","SF","6-5",185,"Ranney School","NJ",5,"Florida"
2019,8,"Nico","Mannion","PG","6-3",180,"Pinnacle","AZ",5,"Arizona"
2019,9,"Precious","Achiuwa","SF","6-9",215,"Montverde Academy","FL",5,"Memphis"
2019,10,"Tyrese","Maxey","CG","6-3",185,"South Garland","TX",5,"Kentucky"
2019,11,"Kahlil","Whitney","SF","6-6",190,"Roselle Catholic","NJ",5,"Kentucky"
2019,12,"Tre","Mann","PG","6-3",170,"The Villages Charter","FL",5,"Florida"
2019,13,"Jaden","McDaniels","PF","6-9",185,"Federal Way","WA",5,"Washington"
2019,14,"Keion","Brooks","SF","6-7",185,"La Lumiere School","IN",5,"Kentucky"
2019,15,"N'Faly","Dante","C","6-11",230,"Sunrise Christian Academy","KS",5,"Oregon"
2019,16,"Samuell","Williamson","SF","6-6",180,"Rockwall","TX",5,"Louisville"
2019,17,"Matthew","Hurt","PF","6-9",215,"John Marshall Senior","MN",5,"Duke"
2019,18,"Josh","Green","SF","6-6",190,"IMG Academy","FL",5,"Arizona"
2019,19,"Jeremiah","Robinson-Earl","PF","6-8",235,"IMG Academy","FL",5,"Villanova"
2019,20,"Trendon","Watford","PF","6-9",230,"Mountain Brook","AL",5,"LSU"
2019,21,"Bryan","Antoine","SG","6-4.5",168,"Ranney School","NJ",5,"Villanova"
2019,22,"Akok","Akok","PF","6-10",195,"Putnam Science Academy","CT",5,"UConn"
2019,23,"Oscar","Tshiebwe","C","6-9",250,"Kennedy Catholic","PA",5,"West Virginia"
2019,24,"Isaiah","Mobley","PF","6-9",220,"Rancho Christian","CA",5,"USC"
2019,25,"C.J.","Walker","PF","6-8",200,"Oak Ridge","FL",4,"Oregon"
2019,26,"LaMelo","Ball","PG","6-6",180,"SPIRE Academy","CA",4,"Professional"
2019,27,"Onyeka","Okongwu","C","6-8",235,"Chino Hills","CA",4,"USC"
2019,28,"Trayce","Jackson-Davis","C","6-9",230,"Center Grove","IN",4,"Indiana"
2019,29,"Josiah-Jordan","James","CG","6-6",200,"Porter-Gaud School","SC",4,"Tennessee"
2019,30,"Patrick","Williams","SF","6-6",215,"West Charlotte","NC",4,"Florida State"
2019,31,"Johnny","Juzang","SF","6-6",200,"Harvard Westlake","CA",4,"Kentucky"
2019,32,"DJ","Carton","PG","6-1",190,"Bettendorf","IA",4,"Ohio State"
2019,33,"Boogie","Ellis","CG","6-2",165,"Mission Bay","CA",4,"Memphis"
2019,34,"Armando","Bacot","C","6-10",240,"IMG Academy","FL",4,"North Carolina"
2019,35,"Cassius","Stanley","SG","6-5",180,"Sierra Canyon","CA",4,"Duke"
2019,36,"Will","Baker","C","7-0",235,"Westlake","TX",4,"Texas"
2019,37,"Isaac","Okoro","SF","6-5",200,"McEachern","GA",4,"Auburn"
2019,38,"Wendell","Moore","SF","6-5",210,"Cox Mill","NC",4,"Duke"
2019,39,"Rocket","Watts","CG","6-2",175,"SPIRE Academy","OH",4,"Michigan State"
2019,40,"Zeke","Nnaji","PF","6-11",215,"Hopkins","MN",4,"Arizona"
2019,41,"Anton","Watson","SF","6-8",210,"Gonzaga Prep School","WA",4,"Gonzaga"
2019,42,"Jahmi'us","Ramsey","CG","6-4",195,"Duncanville","TX",4,"Texas Tech"
2019,43,"Franz","Wagner","SF","6-7",190,"Germany","GERM",4,"Michigan"
2019,44,"Jalen","Lecque","CG","6-4",190,"Brewster Academy","NH",4,"NC State"
2019,45,"Martynas","Arlauskas","SF","6-6",185,"Lithuania","LITH",4,"Gonzaga"
2019,46,"Jalen","Wilson","SF","6-8",215,"Guyer","TX",4,"Kansas"
2019,47,"Pavel","Zakharov","C","6-10",235,"Montverde Academy","FL",4,"Gonzaga"
2019,48,"Omar","Payne","C","6-9",215,"Montverde Academy","FL",4,"Florida"
2019,49,"Kai","Jones","C","6-10",205,"Brewster Academy","NH",4,"Texas"
2019,50,"Casey","Morsell","SG","6-2",175,"St. John's College","DC",4,"Virginia"
2019,51,"Lester","Quinones","SG","6-5",180,"IMG Academy","FL",4,"Memphis"
2019,52,"De'Vion","Harmon","PG","6-0",192,"Guyer","TX",4,"Oklahoma"
2019,53,"James","Bouknight","SG","6-4",180,"MacDuffie School","MA",4,"UConn"
2019,54,"Kofi","Cockburn","C","6-10",290,"Oak Hill Academy","VA",4,"Illinois"
2019,55,"Tristan","Enaruna","SF","6-9",205,"Wasatch Academy","NETH",4,"Kansas"
2019,56,"Addison","Patterson","SG","6-6",180,"Bella Vista Prep","ON",4,"Oregon"
2019,57,"Drew","Timme","C","6-10",235,"Pearce","TX",4,"Gonzaga"
2019,58,"Justin","Moore","SG","6-4",200,"DeMatha Catholic","MD",4,"Villanova"
2019,59,"Robbie","Beran","PF","6-9",210,"Collegiate School","VA",4,"Northwestern"
2019,60,"EJ","Liddell","PF","6-6",220,"Belleville West","IL",4,"Ohio State"
2019,61,"Santiago","Aldama","PF","6-10",205,"Spain","SPAI",4,"Loyola Maryland"
2019,62,"Aidan","Igiehon","C","6-10",235,"Lawrence Woodmere Academy","NY",4,"Louisville"
2019,63,"Alonzo","Gaffney","SF","6-9",190,"Brewster Academy","OH",4,"Ohio State"
2019,64,"Nah'shon","Hyland","PG","6-3",165,"St. Georges Tech","DE",4,"VCU"
2019,65,"Max","Agbonkpolo","SF","6-8",180,"Santa Margarita Catholic","CA",4,"USC"
2019,66,"Oumar","Ballo","C","6-10",245,"NBA Academy Latin America","MALI",4,"Gonzaga"
2019,67,"Anthony","Harris","CG","6-3",180,"Paul VI Catholic","VA",4,"North Carolina"
2019,68,"David","Johnson","CG","6-5",170,"Trinity","KY",4,"Louisville"
2019,69,"Harlond","Beverly","CG","6-4",170,"Montverde Academy","FL",4,"Miami"
2019,70,"Zach","Harvey","SG","6-4",170,"Prolific Prep","KS",4,"Cincinnati"
2019,71,"Donovan","Williams","SG","6-5",180,"Elkins","TX",4,"Texas"
2019,72,"Quincy","Guerrier","SF","6-7",190,"Thetford Academy","QC",4,"Syracuse"
2019,73,"Romeo","Weems","PF","6-7",215,"New Haven","MI",4,"DePaul"
2019,74,"Cole","Bajema","SF","6-7",175,"Lynden Christian School","WA",4,"Michigan"
2019,75,"Eric","Dixon","PF","6-7",250,"Abington","PA",4,"Villanova"
2019,76,"Malik","Hall","PF","6-7",190,"Sunrise Christian Academy","KS",4,"Michigan State"
2019,77,"Terry","Armstrong","SG","6-6",185,"Bella Vista Prep","AZ",4,"Professional"
2019,78,"Tyrell","Terry","PG","6-1",160,"De La Salle","MN",4,"Stanford"
2019,79,"Santiago","Vescovi","PG","6-2",175,"NBA Global Academy","URUG",4,"Tennessee"
2019,80,"Kadin","Shedrick","C","6-11",200,"Holly Springs","NC",4,"Virginia"
2019,81,"DJ","Jeffries","PF","6-7",218,"Olive Branch","MS",4,"Memphis"
2019,82,"KyKy","Tandy","CG","6-1",190,"University Heights Academy","KY",4,"Xavier"
2019,83,"Marcus","Watson","SG","6-6",205,"Buford","GA",4,"Oklahoma State"
2019,84,"Jalen","Bridges","SF","6-7",180,"Fairmont","WV",4,"West Virginia"
2019,85,"P.J.","Fuller","SG","6-4",170,"Findlay Prep","WA",4,"TCU"
2019,86,"Greg","Gantt","SF","6-7",195,"Trinity Christian School","NC",4,"Providence"
2019,87,"Christian","Brown","SF","6-6",205,"Oak Hill Academy","VA",4,"Georgia"
2019,88,"Isaiah","Wong","CG","6-2",165,"Monsignor Bonner","NJ",4,"Miami"
2019,89,"Cashius","McNeilly","SG","6-4",180,"Thornlea Secondary School","ON",4,"Texas A&M"
2019,90,"RaeQuan","Battle","SG","6-4",175,"Marysville Pilchuck","WA",4,"Washington"
2019,91,"Makhi","Mitchell","C","6-9",225,"Jackson-Reed","DC",4,"Maryland"
2019,92,"Rylan","Jones","PG","6-1",165,"Olympus","UT",4,"Utah"
2019,93,"Balsa","Koprivica","C","7-0",240,"Montverde Academy","FL",4,"Florida State"
2019,94,"Isaac","Johnson","C","6-11",220,"American Fork","UT",4,"Oregon"
2019,95,"Symir","Torrence","CG","6-3",170,"Vermont Academy","NY",4,"Marquette"
2019,96,"Christian","Koloko","C","7-0",195,"Sierra Canyon","CA",4,"Arizona"
2019,97,"Dereon","Seabron","CG","6-6",192,"Massanutten Military Academy","VA",4,"NC State"
2019,98,"Jaykwon","Walton","SF","6-6",195,"Carver","AL",4,"Georgia"
2019,99,"Dontaie","Allen","SF","6-6",185,"Pendleton County","KY",4,"Kentucky"
2019,100,"Jaime","Jaquez","SF","6-7",210,"Adolfo Camarillo","CA",4,"UCLA"
2019,101,"Damion","Baugh","CG","6-4",185,"Tennessee Preparatory Academy","TN",4,"Memphis"
2019,102,"Dajuan","Harris","PG","6-2",160,"Rock Bridge","MO",4,"Kansas"
2019,103,"Brock","Ravet","CG","6-1",174,"Kittitas","WA",4,"Gonzaga"
2019,104,"Jordan","Rawls","PG","6-2",165,"Hamilton Heights Christian Academy","TN",4,"Western Kentucky"
2019,105,"Chandler","Lawson","PF","6-8",205,"Wooddale","TN",4,"Oregon"
2019,106,"Isaiah","Ihnen","PF","6-9",190,"Germany","GERM",4,"Minnesota"
2019,107,"Tre","Mitchell","C","6-9",235,"Woodstock Academy","PA",4,"UMass"
2019,108,"Zach","Freemantle","C","6-9",215,"Bergen Catholic","NJ",4,"Xavier"
2019,109,"Raymond","Hawkins","C","6-9",225,"Findlay Prep","CA",4,"Alabama"
2019,110,"Jaylin","Williams","PF","6-8",225,"Brantley County","GA",4,"Auburn"
2019,111,"Jaelen","House","PG","6-2",160,"Shadow Mountain","AZ",4,"Arizona State"
2019,112,"Avery","Anderson III","CG","6-2",170,"Northwest","TX",4,"Oklahoma State"
2019,113,"Francisco","Farabello","PG","6-1",165,"NBA Global Academy","AUST",4,"TCU"
2019,114,"Tray","Jackson","PF","6-8",200,"Sunrise Christian Academy","MI",4,"Missouri"
2019,115,"Tre","Williams","SG","6-4",180,"Wasatch Academy","UT",4,"Minnesota"
2019,116,"Keeshawn","Barthelemy","PG","6-2",170,"Thornlea Secondary School","ON",4,"Colorado"
2019,117,"Tyrell","Jones","CG","6-1",170,"West Oaks Academy","FL",4,"Auburn"
2019,118,"Dahmir","Bishop","SG","6-4",175,"Imhotep Institute","PA",4,"Xavier"
2019,119,"Chris","Harris Jr.","SG","6-3",195,"South Garland","TX",4,"Oklahoma State"
2019,120,"Austin","Crowley","SG","6-6",185,"Sunrise Christian Academy","KS",4,"Ole Miss"
2019,121,"Juwan","Gary","SF","6-6",200,"Gray Academy","SC",4,"Alabama"
2019,122,"Tyrese","Samuel","PF","6-8",210,"Orangeville Prep","ON",4,"Seton Hall"
2019,123,"Dylan","Disu","PF","6-8",185,"Hendrickson","TX",4,"Vanderbilt"
2019,124,"Qudus","Wahab","C","6-10",230,"Flint Hill School","VA",4,"Georgetown"
2019,125,"Patrick","McCaffery","SF","6-8",175,"Iowa City West","IA",4,"Iowa"
2019,126,"Victor","Iwuakor","C","6-8",210,"Sulphur Springs","TX",4,"Oklahoma"
2019,127,"Terrence","Shannon Jr.","SF","6-6",185,"IMG Academy","FL",4,"Texas Tech"
2019,128,"Toumani","Camara","SF","6-6",190,"Chaminade-Madonna","BELG",4,"Georgia"
2019,129,"D.J.","Thorpe","C","6-8",230,"Lake Travis","TX",4,"California"
2019,130,"Samari","Curtis","SG","6-4",180,"Xenia","OH",4,"Nebraska"
2019,131,"Diante","Smith","SF","6-6",195,"Choctawhatchee","FL",4,"TCU"
2019,132,"Elias","King","SF","6-7",204,"Lincoln Academy","GA",4,"Mississippi State"
2019,133,"Jalen","Gaffney","CG","6-2",170,"Westtown School","NJ",4,"UConn"
2019,134,"Jesse","Edwards","C","6-11",205,"IMG Academy","NETH",4,"Syracuse"
2019,135,"Kevin","McCullar","SF","6-6",180,"Wagner","TX",4,"Texas Tech"
2019,136,"Joel","Brown","PG","6-2",180,"Brewster Academy","CANA",4,"California"
2019,137,"Khalif","Battle","SG","6-5",180,"Trenton Catholic School","NJ",4,"Butler"
2019,138,"Jalen","Hill","SF","6-7",180,"Clark","NV",4,"Oklahoma"
2019,139,"Armaan","Franklin","SG","6-4",185,"Cathedral","IN",4,"Indiana"
2019,140,"Jae'Lyn","Withers","PF","6-8",215,"Cleveland Heights","OH",4,"Louisville"
2019,141,"Chris","Ledlum","SF","6-6",215,"St Peters Boys","NY",4,"Harvard"
2019,142,"Tyson","Etienne","CG","6-1",175,"Putnam Science Academy","CT",4,"Wichita State"
2019,143,"Chase","Hunter","CG","6-3",180,"Westlake","GA",4,"Clemson"
2019,146,"Ford","Cooper","PG","6-3",175,"United Faith Christian Academy","NC",4,"Missouri State"
2019,147,"Christian","Braun","SF","6-5",175,"Blue Valley Northwest","KS",3,"Kansas"
2019,148,"Dieonte","Miles","C","6-10",210,"Walton-verona","KY",3,"Xavier"
2019,149,"Antwan","January","C","6-11",240,"Santa Monica","CA",3,"New Mexico"
2019,150,"Carl","Lewis","C","6-9",250,"Hillcrest Prep","AZ",3,"New Mexico State"
2019,151,"Naheem","McLeod","C","7-3",230,"Plymouth-Whitemarsh","PA",3,"Florida State"
2019,152,"Caleb","Mills","CG","6-3",170,"Asheville Christian Academy","NC",3,"Houston"
2020,1,"Cade","Cunningham","PG","6-6",215,"Montverde Academy","TX",5,"Oklahoma State"
2020,2,"Jalen","Green","CG","6-5",170,"Prolific Prep","CA",5,"Professional"
2020,3,"Evan","Mobley","C","6-11",205,"Rancho Christian","CA",5,"USC"
2020,4,"Jonathan","Kuminga","SF","6-8",205,"The Patrick School","CONG",5,"Professional"
2020,5,"Ziaire","Williams","SF","6-7",175,"Sierra Canyon","CA",5,"Stanford"
2020,6,"Brandon","Boston Jr.","SG","6-6",175,"Sierra Canyon","CA",5,"Kentucky"
2020,7,"Caleb","Love","PG","6-3",170,"Christian Brothers College","MO",5,"North Carolina"
2020,8,"Josh","Christopher","SG","6-5",215,"Mayfair","CA",5,"Arizona State"
2020,9,"Scottie","Barnes","PF","6-8",210,"Montverde Academy","FL",5,"Florida State"
2020,10,"Terrence","Clarke","SG","6-7",185,"Brewster Academy","MA",5,"Kentucky"
2020,11,"Greg","Brown III","PF","6-9",195,"Vandegrift","TX",5,"Texas"
2020,12,"Moussa","Cisse","C","6-10",220,"Lausanne Collegiate School","TN",5,"Memphis"
2020,13,"Jalen","Suggs","CG","6-5",200,"Minnehaha Academy","MN",5,"Gonzaga"
2020,14,"Jalen","Johnson","SF","6-8",215,"Nicolet","WI",5,"Duke"
2020,15,"Daishen","Nix","PG","6-5",205,"Trinity International Schools","NV",5,"Professional"
2020,16,"Jaden","Springer","CG","6-4",204,"IMG Academy","FL",5,"Tennessee"
2020,17,"Keon","Johnson","SG","6-5",186,"The Webb School","TN",5,"Tennessee"
2020,18,"Mark","Williams","C","7-0",225,"IMG Academy","FL",5,"Duke"
2020,19,"Makur","Maker","C","6-11",235,"Hillcrest Prep","AZ",5,"Howard"
2020,20,"Bryce","Thompson","CG","6-5",175,"Booker T. Washington","OK",5,"Kansas"
2020,21,"Josh","Primo","CG","6-6",180,"Royal Crown","OH",5,"Alabama"
2020,22,"Day'Ron","Sharpe","C","6-10",246,"Montverde Academy","FL",5,"North Carolina"
2020,23,"DJ","Steward","CG","6-3",165,"Whitney Young","IL",5,"Duke"
2020,24,"Jeremy","Roach","PG","6-2",180,"Paul VI Catholic","VA",5,"Duke"
2020,25,"Cameron","Thomas","SG","6-3",180,"Oak Hill Academy","VA",5,"LSU"
2020,26,"Khristian","Lander","PG","6-2",165,"Francis Joseph Reitz Sch","IN",5,"Indiana"
2020,27,"Sharife","Cooper","PG","6-0",160,"McEachern","GA",5,"Auburn"
2020,28,"Walker","Kessler","C","7-0",245,"Woodward Academy","GA",5,"North Carolina"
2020,29,"Karim","Mane","CG","6-4",195,"Vanier College","QC",5,"Professional"
2020,30,"Isaiah","Todd","PF","6-10",195,"Word Of God Christian Academy","NC",5,"Professional"
2020,31,"Marcus","Bagley","SF","6-7",220,"Sheldon","CA",4,"Arizona State"
2020,32,"Dawson","Garcia","PF","6-11",220,"Prior Lake","MN",4,"Marquette"
2020,33,"Josh","Hall","SF","6-9",190,"Moravian Prep","NC",4,"Professional"
2020,34,"Isaiah","Jackson","C","6-9",200,"Waterford Mott","MI",4,"Kentucky"
2020,35,"Adam","Miller","SG","6-3",170,"Morgan Park HS","IL",4,"Illinois"
2020,36,"Earl","Timberlake","SG","6-6",215,"DeMatha Catholic","MD",4,"Miami"
2020,37,"Devin","Askew","PG","6-3",195,"Mater Dei","CA",4,"Kentucky"
2020,38,"Nimari","Burnett","CG","6-4",190,"Prolific Prep","CA",4,"Texas Tech"
2020,39,"KK","Robinson","PG","6-0",175,"Oak Hill Academy","AR",4,"Arkansas"
2020,40,"Moses","Moody","SG","6-6",205,"Montverde Academy","AR",4,"Arkansas"
2020,41,"Jabri","Abdur-Rahim","SF","6-5",185,"Blair Academy","NJ",4,"Virginia"
2020,42,"Mac","Etienne","C","6-10",220,"Brewster Academy","NH",4,"UCLA"
2020,43,"Mady","Sissoko","C","6-9",230,"Wasatch Academy","UT",4,"Michigan State"
2020,44,"Lance","Ware","PF","6-9",215,"Camden","NJ",4,"Kentucky"
2020,45,"Henry","Coleman","PF","6-8",240,"Trinity Episcopal School","VA",4,"Duke"
2020,46,"Dalen","Terry","SF","6-6",190,"Hillcrest Prep","AZ",4,"Arizona"
2020,47,"Matthew","Murrell","SG","6-4",190,"IMG Academy","FL",4,"Ole Miss"
2020,48,"Franck","Kepnang","C","6-11",247,"Westtown School","PA",4,"Oregon"
2020,49,"Samson","Ruzhentsev","SF","6-7",210,"Hamilton Heights Christian Academy","TN",4,"Florida"
2020,50,"Dwon","Odom","PG","6-1",180,"St. Francis","GA",4,"Xavier"
2020,51,"Andre","Jackson","SF","6-6",195,"Albany","NY",4,"UConn"
2020,52,"Hunter","Dickinson","C","7-2",255,"DeMatha Catholic","MD",4,"Michigan"
2020,53,"Bennedict","Mathurin","SF","6-6",190,"NBA Academy Latin America","MEXI",4,"Arizona"
2020,54,"Jaemyn","Brakefield","PF","6-8",210,"Huntington Expression Prep","WV",4,"Duke"
2020,55,"JT","Thor","PF","6-9",190,"Norcross","GA",4,"Auburn"
2020,56,"Trey","Patterson","PF","6-7",195,"Rutgers Preparatory School","NJ",4,"Villanova"
2020,57,"Kai","Sotto","C","7-1",200,"The Skill Factory","GA",4,NA
2020,58,"Azuolas","Tubelis","PF","6-9",240,"Lithuania","LITH",4,"Arizona"
2020,59,"MarJon","Beauchamp","SF","6-6",175,"Dream City Christian","AZ",4,"Professional"
2020,60,"R.J.","Davis","CG","5-11",164,"Archbishop Stepinac","NY",4,"North Carolina"
2020,61,"Andre","Curbelo","PG","6-0",170,"Long Island Lutheran","PUER",4,"Illinois"
2020,62,"Clifford","Omoruyi","C","6-10",230,"Roselle Catholic","NJ",4,"Rutgers"
2020,63,"Alex","Fudge","SF","6-8",175,"Riverside","FL",4,"LSU"
2020,64,"Matthew-Alexander","Moncrieffe","PF","6-7",195,"Orangeville Prep","ON",4,"Oklahoma State"
2020,65,"Deivon","Smith","PG","5-11",160,"Grayson","GA",4,"Mississippi State"
2020,66,"Micah","Peavy","SF","6-7",172,"Duncanville","TX",4,"Texas Tech"
2020,67,"Ian","Martinez","SG","6-3",170,"JSerra Catholic","CA",4,"Utah"
2020,68,"Kenyon","Martin","PF","6-6",195,"IMG Academy","FL",4,"Professional"
2020,69,"Kerr","Kriisa","PG","6-2",170,"Estonia","ESTO",4,"Arizona"
2020,70,"Jordan","Nesbitt","SF","6-6",180,"St Louis Christian Academy","MO",4,"Memphis"
2020,71,"Puff","Johnson","SF","6-7",185,"Hillcrest Prep","AZ",4,"North Carolina"
2020,72,"Reece","Beekman","PG","6-2",160,"Scotlandville Magnet","LA",4,"Virginia"
2020,73,"Rati","Andronikashvili","PG","6-4",190,"Georgia","GEOR",4,"Creighton"
2020,74,"PJ","Hall","C","6-9",220,"Dorman","SC",4,"Clemson"
2020,75,"Chibuzo","Agbo","SF","6-7",215,"St. Augustine","CA",4,"Texas Tech"
2020,76,"Cam","Hayes","PG","6-3",175,"Greensboro Day School","NC",4,"NC State"
2020,77,"Reese","Dixon-Waters","SG","6-5",195,"St. Bernard","CA",4,"USC"
2020,78,"James","Graham","SF","6-8",205,"Nicolet","WI",4,"Maryland"
2020,79,"Julian","Strawther","SF","6-7",210,"Liberty","NV",4,"Gonzaga"
2020,80,"Isaiah","Cottrell","PF","6-9",215,"Huntington Expression Prep","WV",4,"West Virginia"
2020,81,"Osasere","Ighodaro","PF","6-9",205,"Desert Vista","AZ",4,"Marquette"
2020,82,"Jaxson","Robinson","SF","6-5",175,"Ada","OK",4,"Texas A&M"
2020,83,"Jaylen","Clark","SG","6-5",200,"Etiwanda","CA",4,"UCLA"
2020,84,"Jalen","Terry","PG","6-1",160,"Beecher","MI",4,"Oregon"
2020,85,"Carter","Whitt","PG","6-3",170,"Brewster Academy","NH",4,"Wake Forest"
2020,86,"Mwani","Wilkinson","SF","6-6",195,"Bishop Gorman","NV",4,"LSU"
2020,87,"JJ","Traynor","PF","6-8",195,"Bardstown","KY",4,"Louisville"
2020,88,"Cam'Ron","Fletcher","SF","6-6",180,"Vashon","MO",4,"Kentucky"
2020,89,"Dominick","Harris","CG","6-4",170,"Rancho Christian","CA",4,"Gonzaga"
2020,90,"Olivier-Maxence","Prosper","PF","6-8",205,"NBA Academy Latin America","MEXI",4,"Clemson"
2020,91,"Alex","Tchikou","PF","6-11",200,"Dream City Christian","AZ",4,"Alabama"
2020,92,"Kadary","Richmond","SF","6-5",175,"Brewster Academy","NH",4,"Syracuse"
2020,93,"Matt","Cross","SF","6-6",225,"Brewster Academy","MA",4,"Miami"
2020,94,"Tramon","Mark","PG","6-4",180,"Dickinson","TX",4,"Houston"
2020,95,"Max","Murrell","PF","6-9",195,"Millard North","NE",4,"Stanford"
2020,96,"Corey","Walker","PF","6-8",219,"Hargrave Military Academy","VA",4,"Tennessee"
2020,97,"Eric","Gaines","CG","6-3",170,"Lithonia","GA",4,"LSU"
2020,98,"Hassan","Diarra","PG","6-2",180,"Putnam Science Academy","CT",4,"Texas A&M"
2020,99,"Jaden","Ivey","SG","6-2",165,"La Lumiere School","IN",4,"Purdue"
2020,100,"Meechie","Johnson","PG","6-1",185,"Garfield Heights","OH",4,"Ohio State"
2020,101,"A.J.","Hoggard","CG","6-3",185,"Huntington Expression Prep","PA",4,"Michigan State"
2020,102,"Jaylin","Williams","C","6-9",230,"Northside","AR",4,"Arkansas"
2020,103,"Xavier","Foster","C","7-0",225,"Oskaloosa","IA",4,"Iowa State"
2020,104,"Adama","Sanogo","C","6-9",250,"The Patrick School","MALI",4,"UConn"
2020,105,"Terrance","Williams II","PF","6-6",215,"Gonzaga","DC",4,"Michigan"
2020,106,"Dain","Dainja","C","6-9",260,"Park Center","MN",4,"Baylor"
2020,107,"Ryan","Kalkbrenner","C","6-11",210,"Trinity Catholic","MO",4,"Creighton"
2020,108,"Kerwin","Walton","SG","6-5",195,"Hopkins","MN",4,"North Carolina"
2020,109,"Ben","Gregg","PF","6-8",210,"Clackamas","OR",4,"Gonzaga"
2020,110,"Nique","Clifford","SG","6-5",170,"The Vanguard School","CO",4,"Colorado"
2020,111,"K.D.","Johnson","PG","6-1",170,"Hargrave Military Academy","VA",4,"Georgia"
2020,112,"Michael","O'Connell","PG","6-2",175,"Blair Academy","NJ",4,"Stanford"
2020,113,"Keon","Ambrose-Hylton","PF","6-8",200,"Andrews Osborne Academy","OH",4,"Alabama"
2020,114,"Zeb","Jackson","SG","6-2",160,"Montverde Academy","OH",4,"Michigan"
2020,115,"Ben","Carlson","PF","6-9",220,"East Ridge","MN",4,"Wisconsin"
2020,116,"Jabe","Mullins","SG","6-5",195,"Mount Si","WA",4,"Saint Mary's"
2020,117,"Pavlo","Dziuba","PF","6-8",235,"Ukraine","UKRA",4,"Arizona State"
2020,118,"Daniel","Batcho","C","6-10",220,"France","FRAN",4,"Arizona"
2020,119,"John","Hugley IV","C","6-9",240,"Brush","OH",4,"Pittsburgh"
2020,120,"Justin","Lewis","PF","6-7",225,"Baltimore Polytechnic Institute","MD",4,"Marquette"
2020,121,"David","Jones","SF","6-6",195,"Teays Valley Christian School","WV",4,"DePaul"
2020,122,"Jamal","Mashburn Jr.","CG","6-0",160,"Brewster Academy","FL",4,"Minnesota"
2020,123,"LJ","Cryer","PG","6-1",180,"Morton Ranch","TX",4,"Baylor"
2020,124,"William","Jeffress","PF","6-7",205,"McDowell","PA",4,"Pittsburgh"
2020,125,"Shakeel","Moore","PG","6-1",185,"Moravian Prep","NC",4,"NC State"
2020,126,"Pelle","Larsson","CG","6-5",200,"Sweden","SWED",4,"Utah"
2020,127,"Javonte","Brown-Ferguson","C","6-11",230,"Thornlea Secondary School","ON",4,"UConn"
2020,128,"Caleb","Murphy","CG","6-2",170,"Grayson","GA",4,"USF"
2020,129,"Colby","Jones","SG","6-6",195,"Mountain Brook","AL",4,"Xavier"
2020,130,"Jordan","Geronimo","SF","6-6",195,"St. Paul's School","NH",4,"Indiana"
2020,131,"Joe","Bamisile","SG","6-5",195,"Monacan","VA",4,"Virginia Tech"
2020,132,"Josh","O'Garro","SF","6-5",175,"Santa Clarita Christian School","CAYM",4,"Oklahoma"
2020,133,"Maxwell","Lewis","SF","6-7",180,"Hillcrest Prep","AZ",4,"Pepperdine"
2020,134,"Woody","Newton","PF","6-8",190,"Mt. Zion Prep","MD",4,"Syracuse"
2020,135,"Eugene","Brown III","SG","6-6",185,"Southwest DeKalb","GA",4,"Ohio State"
2020,136,"Marcus","Dockery","CG","6-1",175,"Brewster Academy","NH",4,"Maryland"
2020,137,"Ethan","Morton","CG","6-4",195,"Butler Area","PA",4,"Purdue"
2020,138,"Rondel","Walker","CG","6-2",160,"Putnam City West","OK",4,"Oklahoma State"
2020,139,"Keon","Edwards","SF","6-7",185,"Hillcrest Prep","AZ",4,"DePaul"
2020,140,"Chris","Moore","PF","6-7",220,"West Memphis","AR",4,"Auburn"
2020,141,"Andrej","Jakimovski","SF","6-7",205,"Macedonia","MACE",4,"Washington State"
2020,142,"Tibet","GÃ¶rener","SF","6-8",195,"Orange Lutheran","IS",4,"Arizona"
2020,143,"Josh","Taylor","PF","6-8",195,"Norcross","GA",4,"Georgia"
2020,144,"Justice","Ajogbor","C","6-9",230,"Christ School","NC",4,"Harvard"
2020,145,"Steven","Crowl","C","6-9",210,"Eastview Senior","MN",4,"Wisconsin"
2020,146,"Malachi","Wideman","SF","6-4.5",197,"Venice","FL",4,"Tennessee"
2020,147,"Brandon","Angel","PF","6-7",200,"Torrey Pines","CA",4,"Stanford"
2020,148,"Ty","Berry","CG","6-2",170,"Sunrise Christian Academy","KS",4,"Northwestern"
2020,149,"Tari","Eason","PF","6-8",210,"Garfield","WA",4,"Cincinnati"
2020,150,"Jamari","Sibley","PF","6-8",200,"Oak Hill Academy","VA",4,"Georgetown"
2021,1,"Chet","Holmgren","C","7-0",190,"Minnehaha Academy","MN",5,"Gonzaga"
2021,2,"Paolo","Banchero","PF","6-9",235,"O Dea","WA",5,"Duke"
2021,3,"Shaedon","Sharpe","SG","6-5",185,"Dream City Christian","AZ",5,"Kentucky"
2021,4,"Jaden","Hardy","CG","6-4",190,"Coronado","NV",5,"Professional"
2021,5,"Jalen","Duren","C","6-10",230,"Montverde Academy","FL",5,"Memphis"
2021,6,"Emoni","Bates","SF","6-8",200,"Ypsi Prep Academy","MI",5,"Memphis"
2021,7,"Jabari","Smith","PF","6-10",210,"Sandy Creek","GA",5,"Auburn"
2021,8,"Patrick","Baldwin Jr.","SF","6-9",190,"Hamilton","WI",5,"Milwaukee"
2021,9,"Peyton","Watson","SF","6-8",190,"Long Beach Poly","CA",5,"UCLA"
2021,10,"Hunter","Sallis","CG","6-5",175,"Millard North","NE",5,"Gonzaga"
2021,11,"Kennedy","Chandler","PG","6-1",165,"Sunrise Christian Academy","KS",5,"Tennessee"
2021,12,"AJ","Griffin","SF","6-7",200,"Archbishop Stepinac","NY",5,"Duke"
2021,13,"Scoot","Henderson","PG","6-3",180,"Kell","GA",5,"Professional"
2021,14,"Daimion","Collins","PF","6-9",210,"Atlanta","TX",5,"Kentucky"
2021,15,"Caleb","Houstan","PF","6-8",205,"Montverde Academy","FL",5,"Michigan"
2021,16,"Moussa","Diabate","PF","6-10",215,"IMG Academy","FL",5,"Michigan"
2021,17,"JD","Davison","PG","6-3",175,"Calhoun Sch","AL",5,"Alabama"
2021,18,"Kendall","Brown","SF","6-8",205,"Sunrise Christian Academy","KS",5,"Baylor"
2021,19,"Harrison","Ingram","SF","6-7",210,"St. Mark's","TX",5,"Stanford"
2021,20,"TyTy","Washington","PG","6-3",185,"Compass Prep","AZ",5,"Kentucky"
2021,21,"Michael","Foster","PF","6-9",220,"Hillcrest Prep","AZ",5,"Professional"
2021,22,"Max","Christie","SG","6-6",195,"Rolling Meadows","IL",5,"Michigan State"
2021,23,"Trevor","Keels","SG","6-5",210,"Paul VI Catholic","VA",5,"Duke"
2021,24,"Brandon","Huntley-Hatfield","PF","6-9",230,"Scotland Campus","PA",5,"Tennessee"
2021,25,"Aminu","Mohammed","SG","6-5",190,"Greenwood Laboratory School","DC",5,"Georgetown"
2021,26,"Nate","Bittle","C","6-11",200,"Prolific Prep","CA",5,"Oregon"
2021,27,"Matthew","Cleveland","SF","6-6",190,"Pace Academy","GA",5,"Florida State"
2021,28,"Bryce","McGowens","SG","6-6",175,"Legacy Early College","SC",5,"Nebraska"
2021,29,"Enoch","Boakye","C","6-10",240,"George Harris Prep","ON",5,"Arizona State"
2021,30,"Tamar","Bates","SG","6-4",175,"IMG Academy","FL",4,"Indiana"
2021,31,"Kowacie","Reeves","SG","6-6",170,"Westside","GA",4,"Florida"
2021,32,"Efton","Reid","C","6-11",225,"IMG Academy","FL",4,"LSU"
2021,33,"Charles","Bediako","C","6-11",215,"IMG Academy","FL",4,"Alabama"
2021,34,"Jalen","Warley","CG","6-4",175,"Westtown School","PA",4,"Florida State"
2021,35,"Malaki","Branham","SG","6-4",175,"St. Vincent-St. Mary","OH",4,"Ohio State"
2021,36,"Jaylon","Tyson","SF","6-6",185,"John Paul II","TX",4,"Texas"
2021,37,"Manny","Obaseki","SG","6-4",175,"John Paul II","TX",4,"Texas A&M"
2021,38,"Langston","Love","SG","6-4",190,"Montverde Academy","TX",4,"Baylor"
2021,39,"Josh","Minott","SF","6-8",175,"St Andrew's School","FL",4,"Memphis"
2021,40,"Tyrese","Hunter","PG","6-1",175,"St Catherines","WI",4,"Iowa State"
2021,41,"Benny","Williams","SF","6-8",180,"IMG Academy","FL",4,"Syracuse"
2021,42,"Mouhamed","Gueye","PF","6-11",205,"Prolific Prep","CA",4,"Washington State"
2021,43,"Jordan","Longino","SG","6-5",195,"Germantown Academy","PA",4,"Villanova"
2021,44,"Bryce","Hopkins","PF","6-7",220,"Fenwick","IL",4,"Kentucky"
2021,45,"Kobe","Bufkin","CG","6-4",175,"Grand Rapids Christian","MI",4,"Michigan"
2021,46,"Nolan","Hickman","PG","6-2",185,"Wasatch Academy","UT",4,"Gonzaga"
2021,47,"Jonas","Aidoo","C","6-11",215,"Liberty Heights Athletic Institute","NC",4,"Tennessee"
2021,48,"Julian","Reese","PF","6-9",230,"St. Frances Academy","MD",4,"Maryland"
2021,49,"Arthur","Kaluma","PF","6-8",205,"Dream City Christian","AZ",4,"Creighton"
2021,50,"Trey","Kaufman","PF","6-8",210,"Silver Creek","IN",4,"Purdue"
2021,51,"Jeremy","Sochan","PF","6-8",215,"Orange Academy","GERM",4,"Baylor"
2021,52,"Kaden","Perry","C","6-8",210,"Battle Ground","WA",4,"Gonzaga"
2021,53,"Frankie","Collins","PG","6-1",180,"Coronado","NV",4,"Michigan"
2021,54,"DaRon","Holmes","PF","6-8",195,"Montverde Academy","FL",4,"Dayton"
2021,55,"Jordan","Hawkins","SG","6-5",170,"DeMatha Catholic","MD",4,"UConn"
2021,56,"Dominick","Barlow","PF","6-9",205,"Bridgton Academy","NJ",4,"Professional"
2021,57,"Jahmai","Mashack","SF","6-5",190,"Etiwanda","CA",4,"Tennessee"
2021,58,"Samson","Johnson","C","6-10",205,"St. Patrick","NJ",4,"UConn"
2021,59,"Lawson","Lovering","C","7-0",220,"Cheyenne Central","WY",4,"Colorado"
2021,60,"Ernest","Ross","PF","6-9",210,"Santa Fe","FL",4,"NC State"
2021,61,"Daeshun","Ruffin","PG","5-9",160,"Callaway","MS",4,"Ole Miss"
2021,62,"Rahsool","Diggins","PG","6-1",160,"Archbishop Wood","PA",4,"UConn"
2021,63,"Dontrez","Styles","SF","6-7",205,"Kinston","NC",4,"North Carolina"
2021,64,"Pierre","Brooks","SF","6-6",205,"Douglass Academy","MI",4,"Michigan State"
2021,65,"Will","McClendon","SG","6-3",190,"Bishop Gorman","NV",4,"UCLA"
2021,66,"Jaden","Akins","PG","6-3",160,"Ypsi Prep Academy","MI",4,"Michigan State"
2021,67,"Caleb","Furst","PF","6-8",215,"Blackhawk Christian School","IN",4,"Purdue"
2021,68,"Logan","Duncomb","C","6-9",235,"Archbishop Moeller","OH",4,"Indiana"
2021,69,"Ryan","Nembhard","PG","6-1",165,"Montverde Academy","FL",4,"Creighton"
2021,70,"Justice","Williams","SG","6-3",170,"Montverde Academy","PA",4,"LSU"
2021,71,"John","Butler","C","7-1",190,"Christ Church Episcopal School","SC",4,"Florida State"
2021,72,"Brandin","Podziemski","SG","6-5",195,"St. John's Northwestern Academies","WI",4,"Illinois"
2021,73,"Zach","Clemence","PF","6-9",210,"Sunrise Christian Academy","TX",4,"Kansas"
2021,74,"Taine","Murray","SG","6-5",190,"New Zealand","NEW",4,"Virginia"
2021,75,"Isael","Silva","PG","6-3",185,"Prolific Prep","CA",4,"Stanford"
2021,76,"Mason","Miller","PF","6-9",180,"Houston","TN",4,"Creighton"
2021,77,"Fanbo","Zeng","PF","6-9",190,"Windermere Prep","FL",4,"Professional"
2021,78,"Wesley","Cardet Jr.","SF","6-6",175,"West Oaks Academy","FL",4,"Samford"
2021,79,"Terquavion","Smith","SG","6-3",180,"Farmville Central","NC",4,"NC State"
2021,80,"Zion","Harmon","PG","5-10",160,"Marshall County","KY",4,"Western Kentucky"
2021,81,"Malik","Thomas","CG","6-3",190,"Damien","CA",4,"USC"
2021,82,"Dallan","Coleman","SG","6-6",210,"West Nassau County","FL",4,"Georgia Tech"
2021,83,"Jakai","Robinson","SF","6-4",200,"Rock Creek Christian Academy","MD",4,"Miami"
2021,84,"David","Joplin","PF","6-7",215,"Brookfield Central","WI",4,"Marquette"
2021,85,"KJ","Adams","PF","6-7",200,"Westlake","TX",4,"Kansas"
2021,86,"Emarion","Ellis","CG","6-5",175,"Assumption","IA",4,"Marquette"
2021,87,"Devin","Carter","CG","6-4",175,"Brewster Academy","NH",4,"South Carolina"
2021,88,"Roosevelt","Wheeler","C","6-10",220,"John Marshall","VA",4,"Louisville"
2021,89,"Trey","Alexander","SG","6-4",185,"Heritage Hall","OK",4,"Creighton"
2021,90,"D'Marco","Dunn","SG","6-4",180,"Westover","NC",4,"North Carolina"
2021,91,"Ike","Cornish","SF","6-6",185,"Legacy Early College","MD",4,"Maryland"
2021,92,"Brandon","Murray","SG","6-5",200,"IMG Academy","FL",4,"LSU"
2021,93,"CJ","Noland","SG","6-3",215,"Waxahachie","TX",4,"Oklahoma"
2021,94,"Bobby","Pettiford","PG","6-1",175,"South Granville Of Business And Global Commun","NC",4,"Kansas"
2021,95,"K.J.","Simpson","CG","6-2",175,"Chaminade","CA",4,"Colorado"
2021,96,"Jusaun","Holt","SF","6-6",200,"St Francis Day School","GA",4,"Alabama"
2021,97,"Jackson","Grant","C","6-9",205,"Olympia","WA",4,"Washington"
2021,98,"Mike","James","SF","6-6",195,"Oak Ridge","FL",4,"Louisville"
2021,99,"Cameron","Hildreth","SG","6-4",180,"England","ENGL",4,"Wake Forest"
2021,100,"Corey","Floyd Jr.","SG","6-4",190,"Roselle Catholic","NJ",4,"UConn"
2021,101,"Tucker","DeVries","SF","6-6",190,"Waukee","IA",4,"Drake"
2021,102,"Shane","Nowell","SG","6-5",190,"Eastside Catholic","WA",4,"Arizona"
2021,103,"Miles","Kelly","SG","6-5",175,"Hargrave Military Academy","VA",4,"Georgia Tech"
2021,104,"Marsalis","Roberson","SG","6-5",180,"Bishop O'Dowd","CA",4,"California"
2021,105,"Brandon","Weston","SF","6-5",195,"Hillcrest Prep","AZ",4,"Seton Hall"
2021,106,"Quincy","Allen","SF","6-7",190,"Maret School","DC",4,"Colorado"
2021,107,"Kam","Jones","SG","6-4",180,"Evangelical Christian","TN",4,"Marquette"
2021,108,"Jerrell","Colbert","C","6-9",210,"Houston","TN",4,"LSU"
2021,109,"Kyle","Cuffe Jr.","SG","6-2",180,"Blair Academy","NJ",4,"Kansas"
2021,110,"Ahamad","Bynum","SG","6-1",175,"Simeon","IL",4,"DePaul"
2021,111,"Cesare","Edwards","C","6-10",205,"Hartsville","SC",4,"Xavier"
2021,112,"Ryan","Mutombo","C","6-11",235,"Lovett School","GA",4,"Georgetown"
2021,113,"Isaiah","Barnes","SF","6-6",180,"Simeon","IL",4,"Michigan"
2021,114,"Chucky","Hepburn","PG","6-1",185,"Bellevue West","NE",4,"Wisconsin"
2021,115,"Stevie","Mitchell","PG","6-2",175,"Wilson","PA",4,"Marquette"
2021,116,"Wade","Taylor","PG","5-10",180,"Lancaster","TX",4,"Texas A&M"
2021,117,"Blake","Wesley","SG","6-4",170,"Riley","IN",4,"Notre Dame"
2021,118,"Alex","Karaban","PF","6-7",190,"IMG Academy","FL",4,"UConn"
2021,119,"Nnanna","Njoku","C","6-9",245,"Sanford School","DE",4,"Villanova"
2021,120,"Elijah","Tucker","PF","6-7",190,"Cherokee","GA",4,"Xavier"
2021,121,"Chance","Moore","SG","6-5",195,"McEachern","GA",4,"Arkansas"
2021,122,"Gianni","Thompson","PF","6-8",205,"Brimmer And May School","MA",4,"Boston College"
2021,123,"Wooga","Poplar","SG","6-4",180,"Math Civics And Sciences Cs","PA",4,"Miami"
2021,124,"RJ","Melendez","SF","6-7",190,"Central Pointe Christian","FL",4,"Illinois"
2021,125,"Justyn","Fernandez","SF","6-5",200,"IMG Academy","FL",4,"George Mason"
2021,126,"Ramon","Walker Jr.","SF","6-5",195,"Shadow Creek","TX",4,"Houston"
2021,127,"Sam","Onu","C","6-11",255,"The Phelps School","PA",4,"Memphis"
2021,128,"Breon","Pass","PG","6-0",175,"Reidsville","NC",4,"NC State"
2021,129,"Bensley","Joseph","PG","6-1",165,"Putnam Science Academy","CT",4,"Miami"
2021,130,"Casey","Simmons","SG","6-5",170,"Milton Academy","MA",4,"Northwestern"
2021,131,"Adama","Bal","CG","6-6",180,"INSEP Paris","FR",4,"Arizona"
2021,132,"Javon","Ruffin","SG","6-5",195,"Isidore Newman","LA",3,"Colorado"
2021,133,"Shane","Dezonie","SG","6-4",190,"Brewster Academy","PA",3,"Vanderbilt"
2021,134,"Glenn","Taylor Jr.","SF","6-6",190,"Compass Prep","AZ",3,"Oregon State"
2021,135,"Kok","Yat","PF","6-8",185,"Norcross","GA",3,"Professional"
2021,136,"Mike","Mitchell, Jr.","PG","6-2",175,"Archbishop Mitty","CA",3,"Pepperdine"
2021,137,"Sean","Pedulla","CG","6-1",175,"Memorial","OK",3,"Virginia Tech"
2021,138,"Jordan","Riley","SG","6-4",195,"Brentwood","NY",3,"Georgetown"
2021,139,"Jacobi","Wright","CG","6-2",170,"Legacy Early College","SC",3,"South Carolina"
2021,140,"Tyler","Powell","SF","6-5",210,"Ribet Academy","CA",3,"Seton Hall"
2021,141,"Stefan","Todorovic","SF","6-8",190,"Prolific Prep","CA",3,"SMU"
2021,142,"Rafael","Castro","PF","6-9",200,"Dover","NJ",3,"Providence"
2021,143,"Luke","Goode","SF","6-7",200,"Homestead","IN",3,"Illinois"
2021,144,"Ja'Vier","Francis","C","6-8",200,"Montverde Academy","FL",3,"Houston"
2021,145,"Brooks","Barnhizer","SF","6-6",200,"Jefferson","IN",3,"Northwestern"
2021,146,"Jayden","Nunn","PG","6-4",190,"Dream City Christian","MI",3,"VCU"
2021,147,"Josh","Beadle","CG","6-3",168,"Cardinal Newman School","SC",3,"Clemson"
2021,148,"Payton","Sandfort","PF","6-8",210,"Waukee","IA",3,"Iowa"
2021,149,"Markus","Ilver","PF","6-8",195,"Western Reserve Academy","OH",3,"Wisconsin"
2021,150,"Darius","Johnson","PG","6-0",180,"Episcopal","VA",3,"UCF"
2022,1,"Nick","Smith","CG","6-4",185,"North Little Rock","AR",5,"Arkansas"
2022,2,"Dereck","Lively II","C","7-1",220,"Westtown School","PA",5,"Duke"
2022,3,"Dariq","Whitehead","SF","6-6",190,"Montverde Academy","NJ",5,"Duke"
2022,4,"Kyle","Filipowski","C","6-11",230,"Wilbraham & Monson Academy","MA",5,"Duke"
2022,5,"Cason","Wallace","CG","6-4",185,"Richardson","TX",5,"Kentucky"
2022,6,"GG","Jackson","PF","6-9",210,"Ridge View","SC",5,"South Carolina"
2022,7,"Kel'el","Ware","C","7-0",210,"North Little Rock","AR",5,"Oregon"
2022,8,"Dillon","Mitchell","SF","6-7",200,"Montverde Academy","FL",5,"Texas"
2022,9,"Keyonte","George","SG","6-4",185,"IMG Academy","TX",5,"Baylor"
2022,10,"Amari","Bailey","CG","6-5",190,"Sierra Canyon","CA",5,"UCLA"
2022,11,"Cam","Whitmore","SF","6-6",200,"Archbishop Spalding","MD",5,"Villanova"
2022,12,"Jarace","Walker","PF","6-8",220,"IMG Academy","FL",5,"Houston"
2022,13,"Mark","Mitchell","PF","6-8",205,"Sunrise Christian Academy","KS",5,"Duke"
2022,14,"Brandon","Miller","SF","6-8",200,"Cane Ridge","TN",5,"Alabama"
2022,15,"Anthony","Black","PG","6-7",185,"Duncanville","TX",5,"Arkansas"
2022,16,"Chris","Livingston","SF","6-6",200,"Oak Hill Academy","VA",5,"Kentucky"
2022,17,"Adem","Bona","C","6-9",225,"Prolific Prep","CA",5,"UCLA"
2022,18,"Arterio","Morris","PG","6-3",190,"Kimball","TX",5,"Texas"
2022,19,"Julian","Phillips","SF","6-8",200,"Link Academy","MO",5,"Tennessee"
2022,20,"Jordan","Walsh","SF","6-7",190,"Link Academy","TX",5,"Arkansas"
2022,21,"Gradey","Dick","SF","6-7",195,"Sunrise Christian Academy","KS",5,"Kansas"
2022,22,"JJ","Starling","CG","6-4",180,"La Lumiere School","NY",5,"Notre Dame"
2022,23,"Tyrese","Proctor","PG","6-4",170,"NBA Global Academy","AUST",5,"Duke"
2022,24,"Yohan","Traore","C","6-10",225,"Dream City Christian","AZ",5,"Auburn"
2022,25,"Kylan","Boswell","PG","6-1",180,"Compass Prep","AZ",5,"Arizona"
2022,26,"Jalen","Hood-Schifino","CG","6-5",210,"Montverde Academy","FL",4,"Indiana"
2022,27,"Jaden","Bradley","PG","6-3",185,"IMG Academy","FL",4,"Alabama"
2022,28,"Vincent","Iwuchukwu","C","7-0",220,"SoCal Academy","CA",4,"USC"
2022,29,"Leonard","Miller","SF","6-9",195,"Fort Erie International Academy","ON",4,"Professional"
2022,30,"Seth","Trimble","PG","6-3",185,"Menomonee Falls","WI",4,"North Carolina"
2022,31,"Terrance","Arceneaux","SF","6-7",190,"Beaumont United","TX",4,"Houston"
2022,32,"Ernest","Udeh Jr.","C","6-10",230,"Dr. Phillips","FL",4,"Kansas"
2022,33,"Collin","Chandler","CG","6-4",170,"Farmington","UT",4,"Kentucky"
2022,34,"Skyy","Clark","PG","6-3",200,"Montverde Academy","FL",4,"Illinois"
2022,35,"Tre","White","SF","6-6",190,"Prolific Prep","CA",4,"USC"
2022,36,"Henri","Veesaar","C","6-10",200,"Estonia","ESTO",4,"Arizona"
2022,37,"MJ","Rice","SF","6-5",225,"Prolific Prep","CA",4,"Kansas"
2022,38,"Malik","Reneau","PF","6-8",210,"Montverde Academy","FL",4,"Indiana"
2022,39,"Ugonna","Onyenso","C","7-0",233,"Putnam Science Academy","CT",4,"Kentucky"
2022,40,"Tarris","Reed Jr.","C","6-10",260,"Link Academy","MO",4,"Michigan"
2022,41,"Tyrell","Ward","SF","6-7",185,"DeMatha Catholic","MD",4,"LSU"
2022,42,"Dylan","Andrews","PG","6-3",180,"Compass Prep","AZ",4,"UCLA"
2022,43,"Rylan","Griffen","SG","6-5",180,"Richardson","TX",4,"Alabama"
2022,44,"Chance","Westry","SF","6-6",190,"Compass Prep","AZ",4,"Auburn"
2022,45,"Jett","Howard","SF","6-7",220,"IMG Academy","FL",4,"Michigan"
2022,46,"Freddie","Dilione","CG","6-4",185,"Word Of God Christian Academy","NC",4,"Tennessee"
2022,47,"Zuby","Ejiofor","PF","6-8",215,"Garland","TX",4,"Kansas"
2022,48,"Isaiah","Miranda","C","7-0",200,"SoCal Academy","CA",4,"NC State"
2022,49,"Baba","Miller","C","6-11",204,"Spain","SPAI",4,"Florida State"
2022,50,"Roddy","Gayle Jr.","SG","6-4",195,"Wasatch Academy","UT",4,"Ohio State"
2022,51,"Jayden","Epps","CG","6-2",195,"Combine Academy","NC",4,"Illinois"
2022,52,"Isaac","McKneely","CG","6-4",170,"Poca","WV",4,"Virginia"
2022,53,"Dior","Johnson","PG","6-3",180,"SoCal Academy","CA",4,"Pittsburgh"
2022,54,"Bruce","Thornton","PG","6-1",205,"Milton","GA",4,"Ohio State"
2022,55,"Ty","Rodgers","PF","6-6",200,"Thornton Township","IL",4,"Illinois"
2022,56,"Riley","Kugel","SG","6-5",185,"Dr. Phillips","FL",4,"Florida"
2022,57,"Miles","Byrd","SG","6-6",165,"Lincoln","CA",4,"San Diego State"
2022,58,"Elijah","Fisher","SF","6-6",195,"Crestwood Prep","ON",4,"Texas Tech"
2022,59,"Kijani","Wright","PF","6-9",235,"Sierra Canyon","CA",4,"USC"
2022,60,"Leon","Bond","SF","6-5",180,"Wauwatosa East","WI",4,"Virginia"
2022,61,"Jaxon","Kohler","PF","6-10",250,"SoCal Academy","UT",4,"Michigan State"
2022,62,"Mark","Armstrong","CG","6-2",160,"St. Peter's Prep","NJ",4,"Villanova"
2022,63,"Judah","Mintz","CG","6-3",165,"Oak Hill Academy","VA",4,"Syracuse"
2022,64,"London","Johnson","CG","6-4",165,"Norcross","GA",4,"Professional"
2022,65,"Amaree","Abram","PG","6-3",180,"SoCal Academy","CA",4,"Ole Miss"
2022,66,"Milos","Uzan","PG","6-4",185,"Dream City Christian","AZ",4,"Oklahoma"
2022,67,"Pop","Isaacs","PG","6-2",180,"Coronado","NV",4,"Texas Tech"
2022,68,"Jalen","Washington","C","6-9",210,"West Side","IN",4,"North Carolina"
2022,69,"Tafara","Gapare","PF","6-10",205,"South Kent School","NEW",4,"UMass"
2022,70,"Aidan","Shaw","SF","6-8",190,"Blue Valley","KS",4,"Missouri"
2022,71,"Austin","Nunez","PG","6-2",170,"Wagner HS","TX",4,"Arizona State"
2022,72,"Chris","Bell","SF","6-7",185,"Wasatch Academy","UT",4,"Syracuse"
2022,73,"Donovan","Clingan","C","7-1",255,"Bristol Central","CT",4,"UConn"
2022,74,"Felix","Okpara","C","6-11",210,"Link Academy","MO",4,"Ohio State"
2022,75,"Joseph","Hunter Jr.","SG","6-5",185,"San Joaquin Memorial","CA",4,"Fresno State"
2022,76,"Kam","Craft","SG","6-5",180,"The Skill Factory","GA",4,"Xavier"
2022,77,"Jalen","Reed","PF","6-10",220,"SoCal Academy","CA",4,"LSU"
2022,78,"Jaden","Schutt","SG","6-5",180,"Yorkville Christian","IL",4,"Duke"
2022,79,"Kamari","Lands","SF","6-8",195,"Hillcrest Prep","AZ",4,"Louisville"
2022,80,"Derrian","Ford","CG","6-3",190,"Magnolia","AR",4,"Arkansas"
2022,81,"Isaac","Traudt","PF","6-10",215,"Grand Island","NE",4,"Virginia"
2022,82,"Jevon","Porter","PF","6-10",210,"Father Tolton","MO",4,"Pepperdine"
2022,83,"Chandler","Jackson","CG","6-4",205,"Christian Brothers","TN",4,"Florida State"
2022,84,"Taylor","Hendricks","PF","6-9",205,"Calvary Christian Academy","FL",4,"UCF"
2022,85,"DJ","Jefferson","SF","6-5",190,"Minnesota Preparatory Academy","MN",4,"Tennessee"
2022,86,"Brice","Sensabaugh","SF","6-6",240,"Lake Highland Prep","FL",4,"Ohio State"
2022,87,"Tre","Holloman","PG","6-3",175,"Cretin Derham Hall","MN",4,"Michigan State"
2022,88,"Josh","Ojianwuna","C","6-10",230,"NBA Global Academy","AUST",4,"Baylor"
2022,89,"Kaleb","Banks","PF","6-8",215,"Fayette County","GA",4,"Indiana"
2022,90,"Tyler","Nickel","PF","6-8",210,"East Rockingham","VA",4,"North Carolina"
2022,91,"Otega","Oweh","SG","6-6",210,"Blair Academy","NJ",4,"Oklahoma"
2022,92,"Zion","Cruz","SG","6-5",175,"Donda Academy","CA",4,"DePaul"
2022,93,"Braden","Huff","PF","6-9",205,"Glenbard West","IL",4,"Gonzaga"
2022,94,"Zach","Keller","PF","6-9",220,"ThunderRidge","CO",4,"Wake Forest"
2022,95,"Dylan","Anderson","C","7-0",215,"Perry","AZ",4,"Arizona"
2022,96,"Sencire","Harris","SG","6-3",160,"St. Vincent-St. Mary","OH",4,"Illinois"
2022,97,"BJ","Edwards","PG","6-3",170,"Knoxville Catholic","TN",4,"Tennessee"
2022,98,"Lee","Dort","C","6-9",240,"Greenhill School","TX",4,"Vanderbilt"
2022,99,"Noah","Clowney","PF","6-9",205,"Dorman","SC",4,"Alabama"
2022,100,"Kimani","Hamilton","SF","6-8",215,"Clinton","MS",4,"Mississippi State"
2022,101,"Desmond","Claude","PG","6-5",190,"Putnam Science Academy","CT",4,"Xavier"
2022,102,"Devin","Ree","SF","6-8",185,"Oak Hill Academy","MS",4,"Louisville"
2022,103,"Denver","Anglin","CG","6-2",165,"Gill St Bernards","NJ",4,"Georgetown"
2022,104,"Rodney","Rice","CG","6-4",185,"DeMatha Catholic","MD",4,"Virginia Tech"
2022,105,"Daniel","Skillings","SG","6-5",180,"Roman Catholic","PA",4,"Cincinnati"
2022,106,"Filip","Borovicanin","SF","6-8",180,"Serbia","SERB",4,"Arizona"
2022,107,"Jaylen","Thompson","SF","6-7",180,"SoCal Academy","CA",4,"Stanford"
2022,108,"KyeRon","Lindsay","PF","6-8",205,"Guyer","TX",4,"Georgia"
2022,109,"Ven-Allen","Lubin","PF","6-8",220,"Orlando Christian Prep","FL",4,"Notre Dame"
2022,110,"TJ","Caldwell","SG","6-4",170,"Faith Family Academy of Oak Cliff","TX",4,"Ole Miss"
2022,111,"Lamar","Washington","SG","6-4",210,"Compass Prep","OR",4,"Texas Tech"
2022,112,"Noah","Shelby","PG","6-2",175,"Greenhill School","TX",4,"Vanderbilt"
2022,113,"Dug","McDaniel","PG","5-11",167,"Paul VI Catholic","VA",4,"Michigan"
2022,114,"Donald","Hand","CG","6-5",180,"Landstown","VA",4,"Boston College"
2022,115,"Mike","Sharavjamts","SF","6-7",180,"Andrews Osborne Academy","OH",4,"Dayton"
2022,116,"Donovan","Dent","PG","6-2",170,"Centennial","CA",4,"New Mexico"
2022,117,"Adrame","Diongue","C","7-0",185,"Compass Prep","SENE",4,"Washington State"
2022,118,"Malique","Ewin","C","6-10",220,"Berkmar","GA",4,"Ole Miss"
2022,119,"De'Ante","Green","PF","6-9",215,"Asheville Christian Academy","NC",4,"Florida State"
2022,120,"CJ","Gunn","SG","6-5",175,"Lawrence North","IN",4,"Indiana"
2022,121,"Cameron","Corhen","C","6-9",205,"Sunrise Christian Academy","TX",4,"Florida State"
2022,122,"Fletcher","Loyer","SG","6-3",170,"Homestead","IN",4,"Purdue"
2022,123,"Pharrel","Payne","PF","6-9",230,"Park Senior","MN",4,"Minnesota"
2022,124,"Quion","Williams","SF","6-4",185,"Jonesboro","AR",4,"Oklahoma State"
2022,125,"Tre","Donaldson","PG","6-1",190,"Florida State University School","FL",4,"Auburn"
2022,126,"PJ","Haggerty","CG","6-3",170,"Crosby","TX",4,"TCU"
2022,127,"Christian","Watson","SF","6-6",195,"St. John's College","DC",4,"Miami"
2022,128,"Koren","Johnson","CG","6-1",175,"Garfield","WA",4,"Washington"
2022,129,"Gregg","Glenn","PF","6-7",215,"Calvary Christian Academy","FL",4,"Michigan"
2022,130,"Evan","Mahaffey","SF","6-5",175,"Archbishop Moeller","OH",4,"Penn State"
2022,131,"Davin","Cosby","SG","6-5",180,"Word Of God Christian Academy","NC",4,"Alabama"
2022,132,"Rowan","Brumbaugh","PG","6-4",180,"Northfield Mount Hermon","MA",4,"Texas"
2022,133,"Alphonzo","Billups","SG","6-7",180,"Varina","VA",4,"VCU"
2022,134,"AJ","Casey","PF","6-8",180,"Whitney Young","IL",4,"Miami"
2022,135,"Chase","Ross","SG","6-4",185,"Cushing Academy","TX",4,"Marquette"
2022,136,"Brendan","Hausen","SG","6-4",180,"Amarillo","TX",4,"Villanova"
2022,137,"Bobi","Klintman","PF","6-9",200,"Sunrise Christian Academy","SWED",4,"Wake Forest"
2022,138,"Adou","Thiero","CG","6-5",180,"Quaker Valley","PA",4,"Kentucky"
2022,139,"Prince","Aligbe","PF","6-6",215,"Minnehaha Academy","MN",3,"Boston College"
2022,140,"Barry","Dunning Jr.","SF","6-6",205,"McGill Toolen","AL",3,"Arkansas"
2022,141,"Camden","Heide","SF","6-5",180,"Wayzata","MN",3,"Purdue"
2022,142,"Jayden","Pierre","PG","6-1",165,"Long Island Lutheran","NJ",3,"Providence"
2022,143,"Aidan","Mahaney","SG","6-2",150,"Campolindo","CA",3,"Saint Mary's"
2022,144,"Favour","Aire","C","6-11",215,"Bishop McNamara","MD",3,"Miami"
2022,145,"AJ","Storr","SG","6-5",180,"IMG Academy","FL",3,"St. John's"
2022,146,"Ryan","Agarwal","SF","6-6",175,"Coppell","TX",3,"Stanford"
2022,147,"Ryan","Dunn","SF","6-6",190,"Perkiomen School","NY",3,"Virginia"
2022,148,"Daniel","Hankins-Sanford","PF","6-8",230,"Chambers","NC",3,"South Carolina"
2022,149,"Colin","Smith","PF","6-8",200,"Compass Prep","TX",3,"Vanderbilt"
2022,150,"Jorge","Diaz","PF","6-11",195,"IMG Academy","FL",3,"Pittsburgh"
2023,1,"Ron","Holland","PF","6-8",195,"Duncanville","TX",5,"Professional"
2023,2,"Isaiah","Collier","PG","6-3",190,"Wheeler","GA",5,"USC"
2023,3,"Justin","Edwards","SF","6-7",180,"Imhotep Institute","PA",5,"Kentucky"
2023,4,"Cody","Williams","SF","6-8",180,"Perry","AZ",5,"Colorado"
2023,5,"Aaron","Bradshaw","C","7-0",210,"Camden","NJ",5,"Kentucky"
2023,6,"DJ","Wagner","CG","6-3",165,"Camden","NJ",5,"Kentucky"
2023,7,"Matas","Buzelis","SF","6-9",190,"Sunrise Christian Academy","KS",5,"Professional"
2023,8,"Ja'Kobe","Walter","SG","6-5",180,"Link Academy","TX",5,"Baylor"
2023,9,"Stephon","Castle","CG","6-6",205,"Newton","GA",5,"UConn"
2023,10,"Mackenzie","Mgbako","PF","6-8",210,"Roselle Catholic","NJ",5,"Indiana"
2023,11,"Xavier","Booker","C","6-10",205,"Cathedral","IN",5,"Michigan State"
2023,12,"Elliot","Cadeau","PG","6-1",165,"Link Academy","MO",5,"North Carolina"
2023,13,"Omaha","Biliew","PF","6-8",210,"Waukee","IA",5,"Iowa State"
2023,14,"Jared","McCain","CG","6-2",195,"Centennial","CA",5,"Duke"
2023,15,"Aday","Mara","C","7-3",245,"Casademont Zaragoza","SPAI",5,"UCLA"
2023,16,"Aden","Holloway","PG","6-0",155,"Prolific Prep","CA",5,"Auburn"
2023,17,"TJ","Power","PF","6-9",215,"Worcester Academy","MA",5,"Duke"
2023,18,"Kwame","Evans Jr.","PF","6-9",200,"Montverde Academy","FL",4,"Oregon"
2023,19,"Andrej","Stojakovic","SF","6-6",185,"Jesuit","CA",4,"Stanford"
2023,20,"Elmarko","Jackson","PG","6-3",185,"South Kent School","CT",4,"Kansas"
2023,21,"Rob","Dillingham","PG","6-2",165,"Overtime Elite","GA",4,"Kentucky"
2023,22,"Sean","Stewart","PF","6-8",230,"Montverde Academy","FL",4,"Duke"
2023,23,"Caleb","Foster","CG","6-5",190,"Notre Dame","CA",4,"Duke"
2023,24,"AJ","Johnson","CG","6-5",160,"SoCal Academy","CA",4,"Professional"
2023,25,"Dennis","Evans","C","7-1",210,"Hillcrest","CA",4,"Louisville"
2023,26,"Jackson","Shelstad","PG","6-0",170,"West Linn","OR",4,"Oregon"
2023,27,"DeShawn","Harris-Smith","SF","6-4",180,"Paul VI Catholic","VA",4,"Maryland"
2023,28,"Bronny","James","CG","6-3",190,"Sierra Canyon","CA",4,"USC"
2023,29,"Baye","Fall","C","6-10",205,"Accelerated Schools","CO",4,"Arkansas"
2023,30,"Dink","Pate","SG","6-7",185,"Pinkston","TX",4,"Professional"
2023,31,"Trentyn","Flowers","SF","6-8",210,"Combine Academy","NC",4,"Louisville"
2023,32,"Jeremy","Fears","PG","6-0",180,"Joliet West","IL",4,"Michigan State"
2023,33,"Taison","Chatman","CG","6-4",170,"Totino-Grace","MN",4,"Ohio State"
2023,34,"Dedan","Thomas","PG","6-1",170,"Liberty","NV",4,"UNLV"
2023,35,"Johnny","Furphy","SF","6-7",180,"Centre of Excellence","VC",4,"Kansas"
2023,36,"Berke","Buyuktuncel","PF","6-9",215,"Turkey","TURK",4,"UCLA"
2023,37,"Milan","Momcilovic","PF","6-8",205,"Pewaukee","WI",4,"Iowa State"
2023,38,"Eric","Dailey Jr.","PF","6-7",215,"IMG Academy","FL",4,"Oklahoma State"
2023,39,"Mikey","Williams","CG","6-2",190,"San Ysidro","CA",4,"Memphis"
2023,40,"Mookie","Cook","SF","6-7",200,"Compass Prep","AZ",4,"Oregon"
2023,41,"Miro","Little","PG","6-4",185,"Sunrise Christian Academy","KS",4,"Baylor"
2023,42,"Yves","Missi","C","6-10",210,"Prolific Prep","CA",4,"Baylor"
2023,43,"Ilane","Fibleuil","SG","6-6",180,"France","FRAN",4,"UCLA"
2023,44,"Solomon","Ball","SG","6-3",185,"Brewster Academy","MD",4,"UConn"
2023,45,"Brandon","Garrison","C","6-9",205,"Del City","OK",4,"Oklahoma State"
2023,46,"Coen","Carr","PF","6-7",200,"Legacy Early College","SC",4,"Michigan State"
2023,47,"Garwey","Dual","SG","6-5",175,"SoCal Academy","CA",4,"Providence"
2023,48,"Elijah","Gertrude","SG","6-3",180,"Hudson Catholic","NJ",4,"Virginia"
2023,49,"Simeon","Wilcher","CG","6-4",185,"Roselle Catholic","NJ",4,"St. John's"
2023,50,"Jarin","Stevenson","PF","6-10",200,"Seaforth","NC",4,"Alabama"
2023,51,"Marcus","Adams Jr.","SF","6-8",200,"Narbonne","CA",4,"Kansas"
2023,52,"Devin","Royal","PF","6-7",210,"Pickerington Central","OH",4,"Ohio State"
2023,53,"Wesley","Yates III","SG","6-4",200,"Beaumont United","TX",4,"Washington"
2023,54,"Cameron","Carr","SG","6-4",160,"Link Academy","MO",4,"Tennessee"
2023,55,"Carey","Booth","PF","6-10",203,"Brewster Academy","NH",4,"Notre Dame"
2023,56,"Jaylin","Stewart","SF","6-7",210,"Garfield","WA",4,"UConn"
2023,57,"Arrinten","Page","C","6-9",220,"Wheeler","GA",4,"USC"
2023,58,"Layden","Blocker","PG","6-2",175,"Sunrise Christian Academy","KS",4,"Arkansas"
2023,59,"Kanaan","Carlyle","SG","6-3",185,"Overtime Elite","GA",4,"Stanford"
2023,60,"Scotty","Middleton","SF","6-6",180,"Sunrise Christian Academy","KS",4,"Ohio State"
2023,61,"Amani","Hansberry","PF","6-8",225,"Mount Saint Joseph","MD",4,"Illinois"
2023,62,"Dusty","Stromer","SF","6-6",180,"Notre Dame","CA",4,"Gonzaga"
2023,63,"Myles","Colvin","SF","6-5",200,"Heritage Christian School","IN",4,"Purdue"
2023,64,"Rayvon","Griffith","SF","6-5",180,"Compass Prep","AZ",4,"Cincinnati"
2023,65,"Kaden","Cooper","SF","6-5",180,"The Skill Factory","OK",4,"Oklahoma"
2023,66,"Sebastian","Mack","SG","6-4",180,"Coronado","NV",4,"UCLA"
2023,67,"Gavin","Griffiths","SF","6-7",185,"Kingswood Oxford","CT",4,"Rutgers"
2023,68,"Jan","Vide","CG","6-5",190,"Slovenia","SLOV",4,"UCLA"
2023,69,"Joseph","Tugler","C","6-7",215,"Cy Falls","TX",4,"Houston"
2023,70,"Brandon","Williams","PF","6-7",205,"Christ the King","NY",4,"UCLA"
2023,71,"Nils","Cooper","SG","6-5",170,"Crossroads School","CA",4,"Pepperdine"
2023,72,"Silas","Demary Jr.","CG","6-4",180,"Combine Academy","NC",4,"Georgia"
2023,73,"Trey","Green","PG","5-10",155,"Prolific Prep","CA",4,"Xavier"
2023,74,"Papa","Kante","C","6-10",215,"South Kent School","CT",4,"Pittsburgh"
2023,75,"Jamie","Kaiser","SF","6-6",200,"IMG Academy","VA",4,"Maryland"
2023,76,"J.P.","Estrella","C","6-11",210,"Brewster Academy","ME",4,"Tennessee"
2023,77,"Blue","Cain","SG","6-4",180,"IMG Academy","FL",4,"Georgia"
2023,78,"Chris","Johnson","CG","6-4",180,"Montverde Academy","TX",4,"Texas"
2023,79,"Reed","Sheppard","CG","6-3",170,"North Laurel","KY",4,"Kentucky"
2023,80,"Jizzle","James","PG","6-1",180,"Olympia","FL",4,"Cincinnati"
2023,81,"Devin","Williams","PF","6-10",205,"Centennial","CA",4,"UCLA"
2023,82,"Blake","Buchanan","C","6-9",215,"Lake City","ID",4,"Virginia"
2023,83,"Dai","Dai Ames","PG","6-1",160,"Kenwood Academy","IL",4,"Kansas State"
2023,84,"Cameron","Christie","SG","6-5",160,"Rolling Meadows","IL",4,"Minnesota"
2023,85,"KJ","Lewis","SF","6-4",185,"Duncanville","TX",4,"Arizona"
2023,86,"Sam","Walters","PF","6-8",180,"The Villages Charter","FL",4,"Alabama"
2023,87,"Dylan","James","PF","6-8",195,"Winter Haven","FL",4,"Georgia"
2023,88,"Jamari","McDowell","SG","6-4",180,"Manvel","TX",4,"Kansas"
2023,89,"Jaland","Lowe","PG","6-1",160,"Fort Bend Marshall","TX",4,"Pittsburgh"
2023,90,"Rashaud","Marshall","C","6-9",215,"Blytheville","AR",4,"Ole Miss"
2023,91,"Carlton","Carrington","SG","6-4",175,"St. Frances Academy","MD",4,"Pittsburgh"
2023,92,"Zayden","High","PF","6-9",225,"Compass Prep","TX",4,"North Carolina"
2023,93,"Parker","Friedrichsen","SG","6-3",165,"Bixby","OK",4,"Wake Forest"
2023,94,"Jordan","Ross","PG","6-1",150,"Compass Prep","AZ",4,"Saint Mary's"
2023,95,"Tre","Norman","CG","6-3",190,"Worcester Academy","MA",4,"Marquette"
2023,96,"Jace","Posey","SF","6-4",175,"Strake Jesuit College Prep","TX",4,"TCU"
2023,97,"Corey","Chest","PF","6-8",180,"Link Academy","MO",4,"LSU"
2023,98,"RJ","Jones","SG","6-3",175,"Wasatch Academy","TX",4,"Kansas State"
2023,99,"Pryce","Sandfort","SF","6-7",190,"Northwest","IA",4,"Iowa"
2023,100,"JT","Rock","C","7-1",245,"Lincoln","SD",4,"Iowa State"
2023,101,"Reid","Ducharme","SF","6-6",180,"Brewster Academy","MA",4,"Xavier"
2023,102,"Trent","Pierce","PF","6-8",180,"Compass Prep","AZ",4,"Missouri"
2023,103,"Dailyn","Swain","SF","6-6",170,"Columbus Africentric Early College","OH",4,"Xavier"
2023,104,"Mouhamed","Dioubate","PF","6-7",215,"Putnam Science Academy","CT",4,"Alabama"
2023,105,"Zaide","Lowery","SF","6-4",180,"La Lumiere School","IN",4,"Marquette"
2023,106,"Macaleab","Rich","SF","6-6",210,"East St. Louis","IL",4,"Kansas State"
2023,107,"Paulius","Murauskas","PF","6-8",220,"Lithuania","LITH",4,"Arizona"
2023,108,"Collin","Murray-Boyles","PF","6-7",220,"Wasatch Academy","UT",4,"South Carolina"
2023,109,"Jacob","McFarland","C","6-10",205,"Rancho Verde","CA",4,"Houston"
2023,110,"Taylor","Bol Bowen","PF","6-9",195,"Brewster Academy","NH",4,"Florida State"
2023,111,"Michael","Nwoko","C","6-9",240,"Prolific Prep","CA",4,"Miami"
2023,112,"Isaiah","Coleman","SG","6-5",180,"Word Of God Christian Academy","MD",4,"Seton Hall"
2023,113,"Jayden","Ross","SF","6-7",180,"Long Island Lutheran","NY",4,"UConn"
2023,114,"Jason","Rivera-Torres","SG","6-6",170,"John Marshall","VA",4,"Vanderbilt"
2023,115,"Brandon","Rechsteiner","PG","6-1",185,"Etowah","GA",4,"Virginia Tech"
2023,116,"Kaleb","Glenn","SF","6-6",200,"La Lumiere School","IN",4,"Louisville"
2023,117,"Mayar","Wol","PF","6-8",190,"Moravian Prep","NC",4,"College of Charleston"
2023,118,"Ty-Laur","Johnson","PG","6-0",160,"Our Saviour Lutheran School","NY",4,"Louisville"
2023,119,"Mike","Williams","SG","6-3",175,"Bishop Walsh School","MD",4,"LSU"
2023,120,"Carl","Cherenfant","SF","6-5",190,"Calvary Christian Academy","FL",4,"Memphis"
2023,121,"Alex","Toohey","PF","6-7",205,"NBA Global Academy","AUST",4,"Professional"
2023,122,"Gus","Yalden","C","6-8",240,"La Lumiere School","IN",4,"Wisconsin"
2023,123,"Dennis","Parker Jr.","SF","6-6",175,"John Marshall","VA",4,"NC State"
2023,124,"Gehrig","Normand","SF","6-6",180,"Birdville","TX",4,"Michigan State"
2023,125,"Curtis","Williams Jr.","SF","6-6",205,"Brother Rice","MI",4,"Louisville"
2023,126,"Jordan","Butler","C","7-0",230,"Christ Church Episcopal School","SC",4,"Missouri"
2023,127,"Jakai","Newton","CG","6-3",190,"Newton","GA",4,"Indiana"
2023,128,"Rueben","Chinyelu","C","6-10",245,"NBA Academy Africa","SOUT",4,"Washington State"
2023,129,"BJ","Davis","PG","6-1",170,"Modesto Christian","CA",4,"San Diego State"
2023,130,"Tru","Washington","SG","6-3",175,"Compass Prep","AZ",4,"New Mexico"
2023,131,"Gabe","Cupps","PG","6-1",165,"Centerville","OH",4,"Indiana"
2023,132,"Drew","Fielder","C","6-9",215,"SoCal Academy","CA",4,"Georgetown"
2023,133,"JT","Toppin","PF","6-8",210,"Faith Family Academy of Oak Cliff","TX",4,"New Mexico"
2023,134,"Justin","McBride","PF","6-7",210,"Plano","TX",4,"Oklahoma State"
2023,135,"Motiejus","Krivas","C","7-2",256,"Lithuania","LITH",4,"Arizona"
2023,136,"JJ","Taylor","SF","6-7",185,"San Ysidro","CA",4,"Memphis"
2023,137,"Akil","Watson","PF","6-8",205,"Roselle Catholic","NJ",4,"Arizona State"
2023,138,"Jazz","Gardner","C","6-11",200,"West Ranch","CA",4,"Nevada"
2023,139,"Youssouf","Singare","C","7-0",225,"Our Saviour Lutheran School","NY",4,"UConn"
2023,140,"Dramane","Camara","SG","6-5",205,"NBA Academy Africa","FRAN",4,"DePaul"
2023,141,"George","Washington III","SG","6-2",165,"Chaminade Julienne","OH",4,"Michigan"
2023,142,"Jayden","Hastings","C","6-9",225,"IMG Academy","FL",3,"Boston College"
2023,143,"Dra","Gibbs-Lawhorn","CG","6-1",165,"Word Of God Christian Academy","NC",3,"Illinois"
2023,144,"Brady","Dunlap","SF","6-7",180,"Harvard Westlake","CA",3,"St. John's"
2023,145,"Josh","Hubbard","PG","5-10",180,"Madison-Ridgeland Academy","MS",3,"Mississippi State"
2023,146,"Kachi","Nzeh","C","6-9",220,"George School","PA",3,"Xavier"
2023,147,"Jamyron","Keller","CG","6-1",190,"Ellison","TX",3,"Oklahoma State"
2023,148,"Jake","Wahlin","PF","6-7",180,"Timpview","UT",3,"Utah"
2023,149,"Keanu","Dawes","PF","6-8",210,"Stratford","TX",3,"Rice"
2023,150,"Brock","Harding","PG","6-0",155,"Moline","IL",3,"Iowa"
2024,1,"Cooper","Flagg","PF","6-9",195,"Montverde Academy","FL",5,"Duke"
2024,2,"Ace","Bailey","SF","6-8",195,"McEachern","GA",5,"Rutgers"
2024,3,"Dylan","Harper","CG","6-6",210,"Don Bosco Prep","NJ",5,"Rutgers"
2024,4,"Khaman","Maluach","C","7-1",250,"NBA Academy Africa","SUDA",5,"Duke"
2024,5,"VJ","Edgecombe","SG","6-5",180,"Long Island Lutheran","NY",5,"Baylor"
2024,6,"Tre","Johnson","SG","6-6",190,"Link Academy","TX",5,"Texas"
2024,7,"Jalil","Bethea","SG","6-4",170,"Archbishop Wood","PA",5,"Miami"
2024,8,"Ian","Jackson","SG","6-5",185,"Our Saviour Lutheran School","NY",5,"North Carolina"
2024,9,"Jayden","Quaintance","C","6-9",230,"Word Of God Christian Academy","NC",5,"Arizona State"
2024,10,"Liam","McNeeley","SF","6-7",210,"Montverde Academy","FL",5,"UConn"
2024,11,"Drake","Powell","SF","6-6",195,"Northwood","NC",5,"North Carolina"
2024,12,"Derik","Queen","C","6-10",240,"Montverde Academy","MD",5,"Maryland"
2024,13,"Isaiah","Evans","SF","6-6",170,"North Mecklenburg","NC",5,"Duke"
2024,14,"Flory","Bidunga","C","6-8",215,"Kokomo","IN",5,"Kansas"
2024,15,"Donnie","Freeman","PF","6-9",190,"IMG Academy","FL",5,"Syracuse"
2024,16,"Egor","Demin","CG","6-8",190,"Russia","RUSS",5,"BYU"
2024,17,"Derrion","Reid","PF","6-7",180,"Prolific Prep","CA",5,"Alabama"
2024,18,"Kon","Knueppel","SF","6-5",205,"Wisconsin Lutheran","WI",5,"Duke"
2024,19,"Asa","Newell","PF","6-9",205,"Montverde Academy","FL",5,"Georgia"
2024,20,"Will","Riley","SF","6-8",180,"The Phelps School","PA",5,"Illinois"
2024,21,"Patrick","Ngongba II","C","6-11",235,"Paul VI Catholic","VA",4,"Duke"
2024,22,"Boogie","Fland","CG","6-2",170,"Archbishop Stepinac","NY",4,"Arkansas"
2024,23,"Rob","Wright","PG","6-0",165,"Montverde Academy","FL",4,"Baylor"
2024,24,"Joson","Sanon","SG","6-5",188,"Vermont Academy","VT",4,"Arizona State"
2024,25,"Karter","Knox","SF","6-5",225,"Overtime Elite","GA",4,"Arkansas"
2024,26,"Annor","Boateng","SF","6-6",210,"Little Rock Central","AR",4,"Missouri"
2024,27,"Billy","Richmond","SF","6-5",200,"Camden","NJ",4,"Arkansas"
2024,28,"Carter","Bryant","PF","6-8",225,"Centennial","CA",4,"Arizona"
2024,29,"Tahaad","Pettiford","PG","6-1",170,"Hudson Catholic","NJ",4,"Auburn"
2024,30,"Bryson","Tucker","SF","6-6",180,"Bishop O'Connell","VA",4,"Indiana"
2024,31,"Morez","Johnson Jr.","C","6-9",235,"Thornton Township","IL",4,"Illinois"
2024,32,"Aiden","Sherrell","C","6-10",215,"Prolific Prep","CA",4,"Alabama"
2024,33,"Ahmad","Nowell","CG","6-0",180,"Imhotep Institute","PA",4,"UConn"
2024,34,"Labaron","Philon","PG","6-4",177,"Link Academy","MO",4,"Alabama"
2024,35,"Trent","Perry","PG","6-4",175,"Harvard Westlake","CA",4,"UCLA"
2024,36,"Kasparas","Jakucionis","SG","6-5",200,"Lithuania","LITH",4,"Illinois"
2024,37,"Jase","Richardson","CG","6-3",180,"Columbus","FL",4,"Michigan State"
2024,38,"Khani","Rooths","PF","6-8",205,"IMG Academy","FL",4,"Louisville"
2024,39,"Jackson","McAndrew","PF","6-9",210,"Wayzata","MN",4,"Creighton"
2024,40,"Darren","Harris","SF","6-6",195,"Paul VI Catholic","VA",4,"Duke"
2024,41,"Kanon","Catchings","PF","6-8",185,"Overtime Elite","GA",4,"BYU"
2024,42,"Bryson","Tiller","PF","6-10",240,"Overtime Elite","GA",4,"Kansas"
2024,43,"Moustapha","Thiam","C","7-1",204,"DME Academy","FL",4,"UCF"
2024,44,"Oswin","Erhunmwunse","C","6-10",216,"Putnam Science Academy","CT",4,"Providence"
2024,45,"Naas","Cunningham","SF","6-7",180,"SoCal Academy","CA",4,"Alabama"
2024,46,"Thomas","Sorber","C","6-9",250,"Archbishop Ryan","PA",4,"Georgetown"
2024,47,"Somto","Cyril","C","6-10",240,"Overtime Elite","GA",4,"Georgia"
2024,48,"Sir","Mohammed","CG","6-7",205,"Myers Park","NC",4,"Notre Dame"
2024,49,"John","Mobley Jr.","CG","6-2",185,"Wasatch Academy","UT",4,"Ohio State"
2024,50,"Rakease","Passmore","SF","6-5",180,"Combine Academy","NC",4,"Kansas"
2024,51,"Cam","Scott","SG","6-5",165,"Lexington","SC",4,"South Carolina"
2024,52,"Tomislav","Ivisic","C","7-0",230,"Croatia","CROA",4,"Illinois"
2024,53,"Tyler","Betsey","PF","6-8",185,"St. Thomas More","CT",4,"Cincinnati"
2024,54,"Zoom","Diallo","PG","6-4",190,"Prolific Prep","CA",4,"Washington"
2024,55,"David","Castillo","CG","6-1",180,"Sunrise Christian Academy","KS",4,"Kansas State"
2024,56,"Mercy","Miller","SG","6-4",180,"Notre Dame","CA",4,"Houston"
2024,57,"Larry","Johnson","SG","6-4",175,"SoCal Academy","CA",4,"Creighton"
2024,58,"Daniel","Jacobsen","C","7-3",235,"Brewster Academy","NH",4,"Purdue"
2024,59,"Elijah","Moore","SG","6-4",170,"Our Saviour Lutheran School","NY",4,"Syracuse"
2024,60,"Julius","Halaifonua","C","7-0",290,"NBA Global Academy","NEW",4,"Georgetown"
2024,61,"Jamari","Phillips","SG","6-3",190,"Dream City Christian","AZ",4,"Oregon"
2024,62,"Jahki","Howard","SF","6-6",185,"Overtime Elite","GA",4,"Auburn"
2024,63,"Kur","Teng","SG","6-4",185,"Bradford Christian Academy","MA",4,"Michigan State"
2024,64,"Samet","Yigitoglu","C","7-1",NA,"Turkey","TURK",4,"SMU"
2024,65,"Jeremiah","Fears","CG","6-3",175,"Compass Prep","AZ",4,"Oklahoma"
2024,66,"Austin","Swartz","SG","6-4",180,"Cannon School","NC",4,"Miami"
2024,67,"Jaeden","Mustaf","CG","6-4",205,"Overtime Elite","GA",4,"Georgia Tech"
2024,68,"Kayvaun","Mulready","SG","6-4",210,"Worcester Academy","MA",4,"Georgetown"
2024,69,"Isaiah","Elohim","SF","6-5",190,"Sierra Canyon","CA",4,"USC"
2024,70,"Peyton","Marshall","C","7-0",300,"Overtime Elite","GA",4,"Missouri"
2024,71,"Justin","Pippen","CG","6-3",180,"Sierra Canyon","CA",4,"Michigan"
2024,72,"John","Bol","C","7-1",190,"Overtime Elite","MO",4,"Ole Miss"
2024,73,"Jason","Asemota","SF","6-8",190,"Hillcrest Prep","AZ",4,"Baylor"
2024,74,"Josiah","Moseley","PF","6-6",205,"Stony Point","TX",4,"Villanova"
2024,75,"Gicarri","Harris","CG","6-4",180,"Grayson","GA",4,"Purdue"
2024,76,"Damarius","Owens","SF","6-8",190,"Western Reserve Academy","OH",4,"Marquette"
2024,77,"Eric","Freeny","SG","6-3",180,"Centennial","CA",4,"UCLA"
2024,78,"Paul","McNeil","SG","6-6",185,"Richmond","NC",4,"NC State"
2024,79,"Jaiden","Glover","SF","6-5",190,"The Patrick School","NJ",4,"St. John's"
2024,80,"Marcus","Allen","PF","6-6",190,"Norland","FL",4,"Missouri"
2024,81,"Robert","Miller","PF","6-10",225,"Pasadena Memorial","TX",4,"LSU"
2024,82,"Nicolas","Codie","PF","6-9",200,"Newman Smith","TX",4,"Texas"
2024,83,"Matthew","Hodge","PF","6-8",200,"St Rose","NJ",4,"Villanova"
2024,84,"Curtis","Givens III","PG","6-2",170,"Montverde Academy","FL",4,"LSU"
2024,85,"Vyctorius","Miller","SG","6-5",170,"Compass Prep","AZ",4,"LSU"
2024,86,"Cooper","Koch","PF","6-8",205,"Metamora","IL",4,"Iowa"
2024,87,"Jalen","Shelley","SF","6-8",190,"Link Academy","TX",4,"USC"
2024,88,"Travis","Perry","PG","6-2",170,"Lyon County","KY",4,"Kentucky"
2024,89,"Tyler","McKinley","C","6-8",220,"Winton Woods","OH",4,"Cincinnati"
2024,90,"Ryan","Jones Jr.","C","6-8",225,"The Rock School","FL",4,"Virginia Tech"
2024,92,"Isaiah","Abraham","PF","6-7",195,"Paul VI Catholic","VA",4,"UConn"
2024,93,"Andre","Mills","SG","6-4",185,"Brimmer And May School","MA",4,"Texas A&M"
2024,94,"Daquan","Davis","PG","6-1",165,"Overtime Elite","GA",4,"Florida State"
2024,95,"Royce","Parham","PF","6-8",200,"Western Reserve Academy","OH",4,"Marquette"
2024,96,"Miles","Goodman","C","6-10",225,"SoCal Academy","WA",4,"Penn State"
2024,97,"Nojus","Indrusaitis","SG","6-5",185,"Brewster Academy","IL",4,"Iowa State"
2024,98,"Bishop","Boswell","CG","6-4",195,"Myers Park","NC",4,"Tennessee"
2024,99,"Chase","McCarty","SF","6-5",200,"IMG Academy","FL",4,"Houston"
2024,100,"Amier","Ali","SF","6-8",175,"Canyon International Academy","AZ",4,"Arizona State"
2024,101,"Juke","Harris","SG","6-6",185,"Salisbury","NC",4,"Wake Forest"
2024,102,"Oscar","Goodman","SF","6-7",230,"NBA Global Academy","NEW",4,"Michigan"
2024,103,"Darrion","Sutton","SF","6-8",175,"Overtime Elite","GA",4,"Georgia Tech"
2024,104,"Sammie","Yeanay","PF","6-8",230,"Compass Prep","AZ",4,"Grand Canyon"
2024,105,"Pharaoh","Compton","PF","6-6",215,"Arbor View","NV",4,"San Diego State"
2024,106,"Andrew","Crawford","CG","6-6",175,"ThunderRidge","CO",4,"Colorado"
2024,107,"Jacob","Cofie","PF","6-9",225,"Eastside Catholic","WA",4,"Virginia"
2024,108,"Jase","Butler","CG","6-4",180,"The Branson School","CA",4,"Washington"
2024,109,"Cole","Certa","SG","6-4",165,"IMG Academy","FL",4,"Notre Dame"
2024,110,"Isaac","Asuma","PG","6-3",190,"Cherry Secondary","MN",4,"Minnesota"
2024,111,"Micah","Robinson","SF","6-6",200,"Oak Hill Academy","VA",4,"TCU"
2024,112,"Robert","Hinton","SG","6-4",175,"Harvard Westlake","CA",4,"Harvard"
2024,113,"Jaxon","Johnson","PF","6-8",195,"Alta","UT",4,"Utah"
2024,114,"Christian","Anderson","PG","5-11",155,"Oak Hill Academy","VA",4,"Texas Tech"
2024,115,"CJ","Brown","PG","6-2",175,"Kell","GA",4,"USF"
2024,116,"Trent","Burns","C","7-3",210,"Good Vision Academy","TX",4,"Missouri"
2024,117,"Emmanuel","Stephen","C","7-0",215,"Dream City Christian","AZ",4,"Arizona"
2024,118,"Dallas","Thomas","PF","6-7",170,"Parkview Magnet","AR",3,"Clemson"
2024,119,"Lathan","Sommerville","C","6-9",240,"Richwoods","IL",3,"Rutgers"
2024,120,"Daniel","Freitag","PG","6-2",195,"Breck School","MN",3,"Wisconsin"
2024,121,"Trent","Noah","SF","6-6",200,"Harlan County","KY",3,"Kentucky"
2024,122,"Jack","Robison","SF","6-6",190,"Lakeville North","MN",3,"Wisconsin"
2024,123,"James","Brown","C","6-9",210,"Link Academy","MO",3,"North Carolina"
2024,124,"Brooks","Bahr","CG","6-4",180,"Keller","TX",3,"BYU"
2024,125,"George","Turkson Jr.","PF","6-7",205,"Bradford Christian Academy","MA",3,"Texas A&M"
2024,126,"Isaiah","Brown","SG","6-5",185,"Orlando Christian Prep","FL",3,"Florida"
2024,127,"Brody","Kozlowski","PF","6-7",190,"Corner Canyon","UT",3,"BYU"
2024,128,"David","Punch","PF","6-7",205,"Harker Heights","TX",3,"TCU"
2024,129,"Mikey","Lewis","CG","6-3",170,"Prolific Prep","CA",3,"Saint Mary's"
2024,130,"Tyrone","Riley","SF","6-5",180,"St. Pius X-St. Matthias Academy","CA",3,"San Francisco"
2024,131,"Jared","Harris","SG","6-2",160,"Silsbee","TX",3,"Memphis"
2024,132,"Isaac","Davis","PF","6-6",220,"Hillcrest","ID",3,"Utah State"
2024,133,"Zion","Sensley","SF","6-8",170,"Archbishop Riordan","CA",3,"UC Santa Barbara"
2024,134,"Jason","Jakstys","PF","6-10",205,"Yorkville","IL",3,"Illinois"
2024,135,"Khaman","Maker","C","7-0",215,"Trinity International Schools","NV",3,"St. John's"
2024,136,"Kuol","Atak","PF","6-9",185,"Haltom","TX",3,"Oklahoma"
2024,137,"Godswill","Erheriene","C","6-9",225,"Long Island Lutheran","NY",3,"Seton Hall"
2024,138,"Nick","Janowski","SG","6-3",200,"Pewaukee","WI",3,"Nebraska"
2024,139,"Colin","White","SF","6-6",180,"Ottawa-glandorf","OH",3,"Ohio State"
2024,140,"Malachi","Palmer","SG","6-5",185,"Mt. Zion Prep","MD",3,"Maryland"
2024,141,"K.J.","Windham","CG","6-3",175,"Ben Davis","IN",3,"Northwestern"
2024,142,"Garrett","Sundra","PF","6-10",215,"Paul VI Catholic","VA",3,"Notre Dame"
2024,143,"Trey","Parker","SG","6-2",170,"Overtime Elite","GA",3,"NC State"
2024,144,"Brandin","Cummings","CG","6-3",160,"Lincoln Park Performing Arts Cs","PA",3,"Pittsburgh"
2024,145,"Luke","Bamgboye","C","6-10",190,"Compass Prep","AZ",3,"VCU"
2024,146,"Jesse","McCulloch","C","6-9",190,"Lutheran East","OH",3,"Michigan State"
2024,147,"Ace","Buckner","CG","6-1",165,"La Lumiere School","IN",3,"Clemson"
2024,148,"Isaiah","Johnson-Arigu","SF","6-7",200,"Totino-Grace","MN",3,"Miami"
2024,149,"Sebastian","Rancik","PF","6-9",210,"JSerra Catholic","CA",3,"Colorado"
2024,150,"Raleigh","Burgess","C","6-10",205,"Sycamore","OH",3,"Purdue"
2024,151,"Taj","DeGourville","SF","6-4",185,"Red Rock Academy","NV",3,"San Diego State"
